{"results": {"ArbBenchmark.track_time": {"result": [null, 6.198275601292989, 5.289713023014203, 12.028195665136037, 245.04351902288175, 5.641404907698812, 67.39722381374615, 8.95430963104711, 62.30061610028539, 9.421581825434155, 9.433442143290758, 53.273666942062974, 593.2960127973462, 52.11693306866873, 590.8563080349728, 34.61784303120855, 428.54523516550313, 134.20499121961933, 25678.01167329369, 99.40767137176715, 25017.39614269868, 74.482708108782, 24654.65891990718], "params": [["'Create'", "'CreateMove, 53, 10'", "'CreateMove, 65536, 1024'", "'CreateCopy, 53, 10'", "'CreateCopy, 65536, 1024'", "'Assign_C, 53, 10'", "'Assign_C, 65536, 1024'", "'Assign, 53, 10'", "'Assign, 65536, 1024'", "'AssignMove, 53, 10'", "'AssignMove, 65536, 1024'", "'Addition_Inplace_Yap, 53, 10'", "'Addition_Inplace_Yap, 65536, 1024'", "'Addition_Yap, 53, 10'", "'Addition_Yap, 65536, 1024'", "'Addition_C, 53, 10'", "'Addition_C, 65536, 1024'", "'Arithmetic_Yap, 53, 10'", "'Arithmetic_Yap, 65536, 1024'", "'Arithmetic_C, 53, 10'", "'Arithmetic_C, 65536, 1024'", "'Arithmetic_C_optimized, 53, 10'", "'Arithmetic_C_optimized, 65536, 1024'"]]}, "ElementBenchmark\u27e8IntegerRing\u27e9.track_time": {"result": [83.60791460987208, 83.61734297393178, 534.8696771575782, 1007.6030902828314, 515.8639053517785, 538.6122793718347, 1263.5876430643214, 9627.013610206131, 2780.226457497031, 2817.6872049547155, 4009.842346130303, 61670.15612788632, 144.6968542391088, 148.9813594530173, 229.8220170396857, 9254.881445917797, 238.1482089242757, 341.03675295683615, 247.3820215415897, 2793.7931562706226], "params": [["'addition_Z, 0'", "'addition_Z, 1, 1, 1'", "'addition_Z, 2, 1, 0, 0, 1'", "'addition_Z, 2, 3, 4, 1, 2'", "'multiplication_Z, 0'", "'multiplication_Z, 1, 1, 1'", "'multiplication_Z, 2, 1, 0, 0, 1'", "'multiplication_Z, 2, 3, 4, 1, 2'", "'truediv_Z, 0'", "'truediv_Z, 1, 1, 1'", "'truediv_Z, 2, 1, 0, 0, 1'", "'truediv_Z, 2, 3, 4, 1, 2'", "'floordiv_Z, 0'", "'floordiv_Z, 1, 1, 1'", "'floordiv_Z, 2, 1, 0, 0, 1'", "'floordiv_Z, 2, 3, 4, 1, 2'", "'arb_Z, 0'", "'arb_Z, 1, 1, 1'", "'arb_Z, 2, 1, 0, 0, 1'", "'arb_Z, 2, 3, 4, 1, 2'"]]}, "ElementBenchmark\u27e8NumberField\u27e9.track_time": {"result": [135.48298499805625, 130.3340366150997, 711.7019343422753, 1595.5946132433496, 1120.0605517918573, 1187.0535928493082, 1951.5264271027675, 12505.989145329968, 4631.690936214398, 4626.725151915455, 7918.802512308473, 96990.44497936727, 574.1071438684787, 555.3233256299405, 850.9395498297309, 15520.928903251868, 418.7125283187822, 419.1413803433189, 535.2296026229108, 4632.806100171429], "params": [["'addition_K, 0'", "'addition_K, 1, 1, 1'", "'addition_K, 2, 1, 0, 0, 1'", "'addition_K, 2, 3, 4, 1, 2'", "'multiplication_K, 0'", "'multiplication_K, 1, 1, 1'", "'multiplication_K, 2, 1, 0, 0, 1'", "'multiplication_K, 2, 3, 4, 1, 2'", "'truediv_K, 0'", "'truediv_K, 1, 1, 1'", "'truediv_K, 2, 1, 0, 0, 1'", "'truediv_K, 2, 3, 4, 1, 2'", "'floordiv_K, 0'", "'floordiv_K, 1, 1, 1'", "'floordiv_K, 2, 1, 0, 0, 1'", "'floordiv_K, 2, 3, 4, 1, 2'", "'arb_K, 0'", "'arb_K, 1, 1, 1'", "'arb_K, 2, 1, 0, 0, 1'", "'arb_K, 2, 3, 4, 1, 2'"]]}, "ElementBenchmark\u27e8RationalField\u27e9.track_time": {"result": [157.37849827004862, 157.41284413470618, 812.8951728431307, 1906.5835420197934, 807.6772222047771, 1010.4150987885861, 1900.6375520418324, 14092.005423977875, 3822.0342415216032, 3782.4644876590987, 5911.255863108521, 97574.94571706234, 398.65993834684184, 407.26005100808806, 766.8250047873497, 9771.17770432773, 291.4518030854703, 288.46034198548205, 323.3824566789183, 3815.5417861809005], "params": [["'addition_Q, 0'", "'addition_Q, 1, 1, 1'", "'addition_Q, 2, 1, 0, 0, 1'", "'addition_Q, 2, 3, 4, 1, 2'", "'multiplication_Q, 0'", "'multiplication_Q, 1, 1, 1'", "'multiplication_Q, 2, 1, 0, 0, 1'", "'multiplication_Q, 2, 3, 4, 1, 2'", "'truediv_Q, 0'", "'truediv_Q, 1, 1, 1'", "'truediv_Q, 2, 1, 0, 0, 1'", "'truediv_Q, 2, 3, 4, 1, 2'", "'floordiv_Q, 0'", "'floordiv_Q, 1, 1, 1'", "'floordiv_Q, 2, 1, 0, 0, 1'", "'floordiv_Q, 2, 3, 4, 1, 2'", "'arb_Q, 0'", "'arb_Q, 1, 1, 1'", "'arb_Q, 2, 1, 0, 0, 1'", "'arb_Q, 2, 3, 4, 1, 2'"]]}, "RandomRealNumberFixture.track_time": {"result": [32.10856689826383, 31.43508815894609, 8.04296620632164, 46.83683019003415, 79.50726333271196, 450.1336006783779, 684.2411313589334], "params": [["'Double'", "'arf, 16'", "'arf, 64'", "'arf, 512'", "'arf, 4096'", "'arf, 32768'", "'arf, 65536'"]]}}, "params": {"arch": "x86_64", "cpu": "Standard_DS2_v2", "machine": "Azure", "os": "Linux", "ram": "61830880", "python": "", "automake": "", "benchmark==1.5.0": "", "boost-cpp": "", "ccache": "", "coreutils": "", "cppasv": "", "cppyy": "", "cppyythonizations": "", "cxx-compiler": "", "e-antic": "", "fmt": "", "gmp": "", "gmpxxll": "", "gmpxxyy": "", "libflint": "", "libtool": "", "make": "", "ppl": "", "pytest": "", "setuptools": ""}, "requirements": {"automake": "", "benchmark==1.5.0": "", "boost-cpp": "", "ccache": "", "coreutils": "", "cppasv": "", "cppyy": "", "cppyythonizations": "", "cxx-compiler": "", "e-antic": "", "fmt": "", "gmp": "", "gmpxxll": "", "gmpxxyy": "", "libflint": "", "libtool": "", "make": "", "ppl": "", "pytest": "", "setuptools": ""}, "commit_hash": "04550d1d1d5cb5f5aefd10a4e2615fb0b5fbcda8", "date": 1608602882000, "env_name": "conda-py-automake-benchmark==1.5.0-boost-cpp-ccache-coreutils-cppasv-cppyy-cppyythonizations-cxx-compiler-e-antic-fmt-gmp-gmpxxll-gmpxxyy-libflint-libtool-make-ppl-pytest-setuptools", "python": "", "profiles": {}, "started_at": {"ArbBenchmark.track_time": 1609118874265, "ElementBenchmark\u27e8IntegerRing\u27e9.track_time": 1609118898070, "ElementBenchmark\u27e8NumberField\u27e9.track_time": 1609118917859, "ElementBenchmark\u27e8RationalField\u27e9.track_time": 1609118938403, "RandomRealNumberFixture.track_time": 1609118959196}, "ended_at": {"ArbBenchmark.track_time": 1609118898069, "ElementBenchmark\u27e8IntegerRing\u27e9.track_time": 1609118917858, "ElementBenchmark\u27e8NumberField\u27e9.track_time": 1609118938402, "ElementBenchmark\u27e8RationalField\u27e9.track_time": 1609118959195, "RandomRealNumberFixture.track_time": 1609118966427}, "benchmark_version": {"ArbBenchmark.track_time": "0", "ElementBenchmark\u27e8IntegerRing\u27e9.track_time": "0", "ElementBenchmark\u27e8NumberField\u27e9.track_time": "0", "ElementBenchmark\u27e8RationalField\u27e9.track_time": "0", "RandomRealNumberFixture.track_time": "0"}, "version": 1}