{"results": {"ArbBenchmark.track_time": {"result": [null, 7.3935727668765185, 7.4019910078008575, 16.461237699978284, 329.24486995598073, 6.428306660631301, 77.10934304043035, 9.995861326107061, 82.13584675721476, 12.863598221308557, 12.957320488451836, 73.14824861579433, 804.6138714785778, 72.0964929690884, 820.9568358155713, 47.959420385968166, 587.4144634381018, 181.65084909709316, 34850.48359068567, 141.65020580493723, 33931.83509493051, 103.59922117034739, 33658.47147578675], "params": [["'Create'", "'CreateMove, 53, 10'", "'CreateMove, 65536, 1024'", "'CreateCopy, 53, 10'", "'CreateCopy, 65536, 1024'", "'Assign_C, 53, 10'", "'Assign_C, 65536, 1024'", "'Assign, 53, 10'", "'Assign, 65536, 1024'", "'AssignMove, 53, 10'", "'AssignMove, 65536, 1024'", "'Addition_Inplace_Yap, 53, 10'", "'Addition_Inplace_Yap, 65536, 1024'", "'Addition_Yap, 53, 10'", "'Addition_Yap, 65536, 1024'", "'Addition_C, 53, 10'", "'Addition_C, 65536, 1024'", "'Arithmetic_Yap, 53, 10'", "'Arithmetic_Yap, 65536, 1024'", "'Arithmetic_C, 53, 10'", "'Arithmetic_C, 65536, 1024'", "'Arithmetic_C_optimized, 53, 10'", "'Arithmetic_C_optimized, 65536, 1024'"]]}, "ElementBenchmark\u27e8IntegerRing\u27e9.track_time": {"result": [113.53692516048129, 113.63603389287469, 641.722092651362, 1237.2543469463194, 705.2880765231267, 744.3581617988581, 1720.8436261347656, 12533.205286327911, 3786.869006460437, 3829.2833579791204, 5534.920065447211, 83611.07538881633, 200.80247813536982, 196.43273780836512, 325.0934663897686, 10345.173196453296, 331.0743641815474, 354.6017598275975, 372.4085333946026, 3986.382286643042], "params": [["'addition_Z, 0'", "'addition_Z, 1, 1, 1'", "'addition_Z, 2, 1, 0, 0, 1'", "'addition_Z, 2, 3, 4, 1, 2'", "'multiplication_Z, 0'", "'multiplication_Z, 1, 1, 1'", "'multiplication_Z, 2, 1, 0, 0, 1'", "'multiplication_Z, 2, 3, 4, 1, 2'", "'truediv_Z, 0'", "'truediv_Z, 1, 1, 1'", "'truediv_Z, 2, 1, 0, 0, 1'", "'truediv_Z, 2, 3, 4, 1, 2'", "'floordiv_Z, 0'", "'floordiv_Z, 1, 1, 1'", "'floordiv_Z, 2, 1, 0, 0, 1'", "'floordiv_Z, 2, 3, 4, 1, 2'", "'arb_Z, 0'", "'arb_Z, 1, 1, 1'", "'arb_Z, 2, 1, 0, 0, 1'", "'arb_Z, 2, 3, 4, 1, 2'"]]}, "ElementBenchmark\u27e8NumberField\u27e9.track_time": {"result": [183.62142014846677, 178.4830584712222, 1007.2760424753723, 1931.2843182202719, 1365.0179103777366, 1342.8644704011133, 2952.412519518461, 17037.66347293799, 6674.858064151691, 6593.813220512238, 9024.756931931608, 130084.1671293726, 632.0247095894019, 646.6127019630569, 1169.494844615188, 17248.90533131559, 572.8022802076341, 582.570558324523, 600.7252571706865, 6250.64535], "params": [["'addition_K, 0'", "'addition_K, 1, 1, 1'", "'addition_K, 2, 1, 0, 0, 1'", "'addition_K, 2, 3, 4, 1, 2'", "'multiplication_K, 0'", "'multiplication_K, 1, 1, 1'", "'multiplication_K, 2, 1, 0, 0, 1'", "'multiplication_K, 2, 3, 4, 1, 2'", "'truediv_K, 0'", "'truediv_K, 1, 1, 1'", "'truediv_K, 2, 1, 0, 0, 1'", "'truediv_K, 2, 3, 4, 1, 2'", "'floordiv_K, 0'", "'floordiv_K, 1, 1, 1'", "'floordiv_K, 2, 1, 0, 0, 1'", "'floordiv_K, 2, 3, 4, 1, 2'", "'arb_K, 0'", "'arb_K, 1, 1, 1'", "'arb_K, 2, 1, 0, 0, 1'", "'arb_K, 2, 3, 4, 1, 2'"]]}, "ElementBenchmark\u27e8RationalField\u27e9.track_time": {"result": [214.55242029097067, 218.6712768449264, 1122.921741735423, 2659.8763144255686, 1085.169000545098, 1112.1969552327212, 2521.2231683964687, 17345.731437363513, 5272.3493166015105, 5104.154467160938, 8131.646520568128, 132622.49229033475, 579.4128724207452, 549.5088755548686, 1116.1022034352343, 13459.16246946063, 408.9358545278444, 394.7466740367228, 400.35080292908157, 4394.566847408368], "params": [["'addition_Q, 0'", "'addition_Q, 1, 1, 1'", "'addition_Q, 2, 1, 0, 0, 1'", "'addition_Q, 2, 3, 4, 1, 2'", "'multiplication_Q, 0'", "'multiplication_Q, 1, 1, 1'", "'multiplication_Q, 2, 1, 0, 0, 1'", "'multiplication_Q, 2, 3, 4, 1, 2'", "'truediv_Q, 0'", "'truediv_Q, 1, 1, 1'", "'truediv_Q, 2, 1, 0, 0, 1'", "'truediv_Q, 2, 3, 4, 1, 2'", "'floordiv_Q, 0'", "'floordiv_Q, 1, 1, 1'", "'floordiv_Q, 2, 1, 0, 0, 1'", "'floordiv_Q, 2, 3, 4, 1, 2'", "'arb_Q, 0'", "'arb_Q, 1, 1, 1'", "'arb_Q, 2, 1, 0, 0, 1'", "'arb_Q, 2, 3, 4, 1, 2'"]]}, "RandomRealNumberFixture.track_time": {"result": [38.4296704306971, 37.71018653947659, 10.781112745974294, 64.57067531701236, 109.4274998328701, 525.9182121188826, 935.223348261662], "params": [["'Double'", "'arf, 16'", "'arf, 64'", "'arf, 512'", "'arf, 4096'", "'arf, 32768'", "'arf, 65536'"]]}}, "params": {"arch": "x86_64", "cpu": "Standard_DS2_v2", "machine": "Azure", "os": "Linux", "ram": "61830880", "python": "", "automake": "", "benchmark==1.5.0": "", "boost-cpp": "", "ccache": "", "coreutils": "", "cppasv": "", "cppyy": "", "cppyythonizations": "", "cxx-compiler": "", "e-antic": "", "fmt": "", "gmp": "", "gmpxxll": "", "gmpxxyy": "", "libflint": "", "libtool": "", "make": "", "ppl": "", "pytest": "", "setuptools": ""}, "requirements": {"automake": "", "benchmark==1.5.0": "", "boost-cpp": "", "ccache": "", "coreutils": "", "cppasv": "", "cppyy": "", "cppyythonizations": "", "cxx-compiler": "", "e-antic": "", "fmt": "", "gmp": "", "gmpxxll": "", "gmpxxyy": "", "libflint": "", "libtool": "", "make": "", "ppl": "", "pytest": "", "setuptools": ""}, "commit_hash": "35f8b320a4313bba96e69ebda728b18a831e1c85", "date": 1608602882000, "env_name": "conda-py-automake-benchmark==1.5.0-boost-cpp-ccache-coreutils-cppasv-cppyy-cppyythonizations-cxx-compiler-e-antic-fmt-gmp-gmpxxll-gmpxxyy-libflint-libtool-make-ppl-pytest-setuptools", "python": "", "profiles": {}, "started_at": {"ArbBenchmark.track_time": 1609119064046, "ElementBenchmark\u27e8IntegerRing\u27e9.track_time": 1609119088975, "ElementBenchmark\u27e8NumberField\u27e9.track_time": 1609119109787, "ElementBenchmark\u27e8RationalField\u27e9.track_time": 1609119127490, "RandomRealNumberFixture.track_time": 1609119147848}, "ended_at": {"ArbBenchmark.track_time": 1609119088973, "ElementBenchmark\u27e8IntegerRing\u27e9.track_time": 1609119109787, "ElementBenchmark\u27e8NumberField\u27e9.track_time": 1609119127489, "ElementBenchmark\u27e8RationalField\u27e9.track_time": 1609119147847, "RandomRealNumberFixture.track_time": 1609119154331}, "benchmark_version": {"ArbBenchmark.track_time": "0", "ElementBenchmark\u27e8IntegerRing\u27e9.track_time": "0", "ElementBenchmark\u27e8NumberField\u27e9.track_time": "0", "ElementBenchmark\u27e8RationalField\u27e9.track_time": "0", "RandomRealNumberFixture.track_time": "0"}, "version": 1}