{"results": {"ArbBenchmark.track_time": {"result": [null, 6.645191890619015, 6.779458335199362, 15.402359974468904, 290.42539664775967, 4.546097905209082, 71.49530718143673, 8.884112361113885, 69.91502171622585, 12.156049351452301, 12.011715108347255, 65.53393360077962, 748.5487095026818, 62.04474958761424, 738.8962225455567, 40.51782927716892, 566.7430384717414, 161.91989928484222, 31491.57022977901, 125.65002465992279, 32085.581760280613, 92.20924466110577, 30511.442628591096], "params": [["'Create'", "'CreateMove, 53, 10'", "'CreateMove, 65536, 1024'", "'CreateCopy, 53, 10'", "'CreateCopy, 65536, 1024'", "'Assign_C, 53, 10'", "'Assign_C, 65536, 1024'", "'Assign, 53, 10'", "'Assign, 65536, 1024'", "'AssignMove, 53, 10'", "'AssignMove, 65536, 1024'", "'Addition_Inplace_Yap, 53, 10'", "'Addition_Inplace_Yap, 65536, 1024'", "'Addition_Yap, 53, 10'", "'Addition_Yap, 65536, 1024'", "'Addition_C, 53, 10'", "'Addition_C, 65536, 1024'", "'Arithmetic_Yap, 53, 10'", "'Arithmetic_Yap, 65536, 1024'", "'Arithmetic_C, 53, 10'", "'Arithmetic_C, 65536, 1024'", "'Arithmetic_C_optimized, 53, 10'", "'Arithmetic_C_optimized, 65536, 1024'"]]}, "ElementBenchmark\u27e8IntegerRing\u27e9.track_time": {"result": [98.07539779357747, 96.84871128305674, 564.4615584316712, 1101.0448578904852, 641.8974616353796, 676.3145225185309, 1634.0375803410745, 11483.90360630378, 3382.983443442781, 3408.0558124677495, 4870.279335732307, 73121.73361241577, 174.0586927528894, 178.50536957688726, 278.8881328901587, 9412.725291636325, 293.64848405152884, 300.38972932749493, 301.88894110322195, 3491.1335981211573], "params": [["'addition_Z, 0'", "'addition_Z, 1, 1, 1'", "'addition_Z, 2, 1, 0, 0, 1'", "'addition_Z, 2, 3, 4, 1, 2'", "'multiplication_Z, 0'", "'multiplication_Z, 1, 1, 1'", "'multiplication_Z, 2, 1, 0, 0, 1'", "'multiplication_Z, 2, 3, 4, 1, 2'", "'truediv_Z, 0'", "'truediv_Z, 1, 1, 1'", "'truediv_Z, 2, 1, 0, 0, 1'", "'truediv_Z, 2, 3, 4, 1, 2'", "'floordiv_Z, 0'", "'floordiv_Z, 1, 1, 1'", "'floordiv_Z, 2, 1, 0, 0, 1'", "'floordiv_Z, 2, 3, 4, 1, 2'", "'arb_Z, 0'", "'arb_Z, 1, 1, 1'", "'arb_Z, 2, 1, 0, 0, 1'", "'arb_Z, 2, 3, 4, 1, 2'"]]}, "ElementBenchmark\u27e8NumberField\u27e9.track_time": {"result": [174.13945884951272, 172.42006847464603, 852.3368901445183, 1724.963125155625, 1193.358945059192, 1183.5294823536824, 2305.5200167789635, 15504.557924949506, 5470.148097888237, 6073.26063812007, 7761.737185188796, 118879.37228070173, 579.5504831932607, 579.6213191327249, 1088.5563134744261, 15299.58036061746, 543.0102912810997, 533.5389000972796, 528.695987765327, 5787.8068600000015], "params": [["'addition_K, 0'", "'addition_K, 1, 1, 1'", "'addition_K, 2, 1, 0, 0, 1'", "'addition_K, 2, 3, 4, 1, 2'", "'multiplication_K, 0'", "'multiplication_K, 1, 1, 1'", "'multiplication_K, 2, 1, 0, 0, 1'", "'multiplication_K, 2, 3, 4, 1, 2'", "'truediv_K, 0'", "'truediv_K, 1, 1, 1'", "'truediv_K, 2, 1, 0, 0, 1'", "'truediv_K, 2, 3, 4, 1, 2'", "'floordiv_K, 0'", "'floordiv_K, 1, 1, 1'", "'floordiv_K, 2, 1, 0, 0, 1'", "'floordiv_K, 2, 3, 4, 1, 2'", "'arb_K, 0'", "'arb_K, 1, 1, 1'", "'arb_K, 2, 1, 0, 0, 1'", "'arb_K, 2, 3, 4, 1, 2'"]]}, "ElementBenchmark\u27e8RationalField\u27e9.track_time": {"result": [209.27425169968362, 218.76971569292036, 1008.9669699960435, 2289.842232453354, 987.0503159536894, 1043.3608413000848, 2286.336679959125, 15736.91135099771, 5013.422420000001, 4590.468430345183, 7254.843661445864, 115638.76569678409, 562.8470993443036, 517.9988912271676, 994.7462728255647, 11716.351324361596, 369.8872305739629, 367.72852827771277, 369.7710057320236, 4164.352519838267], "params": [["'addition_Q, 0'", "'addition_Q, 1, 1, 1'", "'addition_Q, 2, 1, 0, 0, 1'", "'addition_Q, 2, 3, 4, 1, 2'", "'multiplication_Q, 0'", "'multiplication_Q, 1, 1, 1'", "'multiplication_Q, 2, 1, 0, 0, 1'", "'multiplication_Q, 2, 3, 4, 1, 2'", "'truediv_Q, 0'", "'truediv_Q, 1, 1, 1'", "'truediv_Q, 2, 1, 0, 0, 1'", "'truediv_Q, 2, 3, 4, 1, 2'", "'floordiv_Q, 0'", "'floordiv_Q, 1, 1, 1'", "'floordiv_Q, 2, 1, 0, 0, 1'", "'floordiv_Q, 2, 3, 4, 1, 2'", "'arb_Q, 0'", "'arb_Q, 1, 1, 1'", "'arb_Q, 2, 1, 0, 0, 1'", "'arb_Q, 2, 3, 4, 1, 2'"]]}, "RandomRealNumberFixture.track_time": {"result": [32.75658426235445, 33.055473000044124, 11.021528884742622, 52.000505809198465, 84.59355607094288, 347.0405770674729, 539.9665100086496], "params": [["'Double'", "'arf, 16'", "'arf, 64'", "'arf, 512'", "'arf, 4096'", "'arf, 32768'", "'arf, 65536'"]]}}, "params": {"arch": "x86_64", "cpu": "Standard_DS2_v2", "machine": "Azure", "os": "Linux", "ram": "61830880", "python": "", "automake": "", "benchmark==1.5.0": "", "boost-cpp": "", "ccache": "", "coreutils": "", "cppasv": "", "cppyy": "", "cppyythonizations": "", "cxx-compiler": "", "e-antic": "", "fmt": "", "gmp": "", "gmpxxll": "", "gmpxxyy": "", "libflint": "", "libtool": "", "make": "", "ppl": "", "pytest": "", "setuptools": ""}, "requirements": {"automake": "", "benchmark==1.5.0": "", "boost-cpp": "", "ccache": "", "coreutils": "", "cppasv": "", "cppyy": "", "cppyythonizations": "", "cxx-compiler": "", "e-antic": "", "fmt": "", "gmp": "", "gmpxxll": "", "gmpxxyy": "", "libflint": "", "libtool": "", "make": "", "ppl": "", "pytest": "", "setuptools": ""}, "commit_hash": "5f59e950402c6f93636bde07e4e50b031c2d08cc", "date": 1608602882000, "env_name": "conda-py-automake-benchmark==1.5.0-boost-cpp-ccache-coreutils-cppasv-cppyy-cppyythonizations-cxx-compiler-e-antic-fmt-gmp-gmpxxll-gmpxxyy-libflint-libtool-make-ppl-pytest-setuptools", "python": "", "profiles": {}, "started_at": {"ArbBenchmark.track_time": 1609121097514, "ElementBenchmark\u27e8IntegerRing\u27e9.track_time": 1609121122311, "ElementBenchmark\u27e8NumberField\u27e9.track_time": 1609121143090, "ElementBenchmark\u27e8RationalField\u27e9.track_time": 1609121160512, "RandomRealNumberFixture.track_time": 1609121180296}, "ended_at": {"ArbBenchmark.track_time": 1609121122310, "ElementBenchmark\u27e8IntegerRing\u27e9.track_time": 1609121143089, "ElementBenchmark\u27e8NumberField\u27e9.track_time": 1609121160511, "ElementBenchmark\u27e8RationalField\u27e9.track_time": 1609121180296, "RandomRealNumberFixture.track_time": 1609121186925}, "benchmark_version": {"ArbBenchmark.track_time": "0", "ElementBenchmark\u27e8IntegerRing\u27e9.track_time": "0", "ElementBenchmark\u27e8NumberField\u27e9.track_time": "0", "ElementBenchmark\u27e8RationalField\u27e9.track_time": "0", "RandomRealNumberFixture.track_time": "0"}, "version": 1}