{"results": {"ArbBenchmark.track_time": {"result": [null, 7.553898634908777, 7.674338454175373, 17.757686565457544, 327.79724132382336, 5.256422001948671, 78.70548030721817, 9.64888623368913, 81.12496892519624, 14.080497356171131, 14.060382869485299, 76.60594510539407, 861.9251033542745, 73.51216853520151, 863.8749802103638, 46.94348766853555, 650.7098258183929, 193.26428771511178, 36692.52510775302, 151.2078956450603, 35698.96642992183, 109.69425788932814, 35377.78119385107], "params": [["'Create'", "'CreateMove, 53, 10'", "'CreateMove, 65536, 1024'", "'CreateCopy, 53, 10'", "'CreateCopy, 65536, 1024'", "'Assign_C, 53, 10'", "'Assign_C, 65536, 1024'", "'Assign, 53, 10'", "'Assign, 65536, 1024'", "'AssignMove, 53, 10'", "'AssignMove, 65536, 1024'", "'Addition_Inplace_Yap, 53, 10'", "'Addition_Inplace_Yap, 65536, 1024'", "'Addition_Yap, 53, 10'", "'Addition_Yap, 65536, 1024'", "'Addition_C, 53, 10'", "'Addition_C, 65536, 1024'", "'Arithmetic_Yap, 53, 10'", "'Arithmetic_Yap, 65536, 1024'", "'Arithmetic_C, 53, 10'", "'Arithmetic_C, 65536, 1024'", "'Arithmetic_C_optimized, 53, 10'", "'Arithmetic_C_optimized, 65536, 1024'"]]}, "ElementBenchmark\u27e8IntegerRing\u27e9.track_time": {"result": [117.0088396280625, 115.73245408283351, 654.8468524329188, 1206.3602523212378, 718.7936553714775, 770.1254992242741, 1795.7322287365555, 12969.76237188313, 3890.6763313609467, 3882.0634718271044, 5731.856192643948, 85285.7274664661, 198.84471955185194, 200.600741298333, 321.53160889832156, 11067.980862368928, 343.3520767749319, 348.06763689808093, 348.08304522521496, 4108.024956456184], "params": [["'addition_Z, 0'", "'addition_Z, 1, 1, 1'", "'addition_Z, 2, 1, 0, 0, 1'", "'addition_Z, 2, 3, 4, 1, 2'", "'multiplication_Z, 0'", "'multiplication_Z, 1, 1, 1'", "'multiplication_Z, 2, 1, 0, 0, 1'", "'multiplication_Z, 2, 3, 4, 1, 2'", "'truediv_Z, 0'", "'truediv_Z, 1, 1, 1'", "'truediv_Z, 2, 1, 0, 0, 1'", "'truediv_Z, 2, 3, 4, 1, 2'", "'floordiv_Z, 0'", "'floordiv_Z, 1, 1, 1'", "'floordiv_Z, 2, 1, 0, 0, 1'", "'floordiv_Z, 2, 3, 4, 1, 2'", "'arb_Z, 0'", "'arb_Z, 1, 1, 1'", "'arb_Z, 2, 1, 0, 0, 1'", "'arb_Z, 2, 3, 4, 1, 2'"]]}, "ElementBenchmark\u27e8NumberField\u27e9.track_time": {"result": [191.28569989940837, 188.6800608415944, 995.3703656084086, 1951.3057116695272, 1401.5982917593167, 1465.8593775981376, 2664.5586284802457, 17050.67820136378, 6378.80873158068, 6345.721250562303, 10333.60155325971, 138329.8822852761, 684.8904557448512, 670.6739097373464, 1278.7253556761304, 17945.9493737475, 618.8903756104389, 805.3796568696124, 829.6713241829889, 6522.13956], "params": [["'addition_K, 0'", "'addition_K, 1, 1, 1'", "'addition_K, 2, 1, 0, 0, 1'", "'addition_K, 2, 3, 4, 1, 2'", "'multiplication_K, 0'", "'multiplication_K, 1, 1, 1'", "'multiplication_K, 2, 1, 0, 0, 1'", "'multiplication_K, 2, 3, 4, 1, 2'", "'truediv_K, 0'", "'truediv_K, 1, 1, 1'", "'truediv_K, 2, 1, 0, 0, 1'", "'truediv_K, 2, 3, 4, 1, 2'", "'floordiv_K, 0'", "'floordiv_K, 1, 1, 1'", "'floordiv_K, 2, 1, 0, 0, 1'", "'floordiv_K, 2, 3, 4, 1, 2'", "'arb_K, 0'", "'arb_K, 1, 1, 1'", "'arb_K, 2, 1, 0, 0, 1'", "'arb_K, 2, 3, 4, 1, 2'"]]}, "ElementBenchmark\u27e8RationalField\u27e9.track_time": {"result": [238.43037170747004, 241.6958522536492, 1142.2952027069712, 2557.538388565647, 1155.1427419546494, 1209.7056082002, 2699.084305968684, 18231.362597176758, 5786.568544448062, 5445.572204628307, 8497.580830504048, 135386.22621765602, 657.9623165132324, 598.3647530250736, 1144.1490833524063, 14365.041567789907, 429.3467745992405, 465.00757693819867, 506.96321956107295, 4696.566189413323], "params": [["'addition_Q, 0'", "'addition_Q, 1, 1, 1'", "'addition_Q, 2, 1, 0, 0, 1'", "'addition_Q, 2, 3, 4, 1, 2'", "'multiplication_Q, 0'", "'multiplication_Q, 1, 1, 1'", "'multiplication_Q, 2, 1, 0, 0, 1'", "'multiplication_Q, 2, 3, 4, 1, 2'", "'truediv_Q, 0'", "'truediv_Q, 1, 1, 1'", "'truediv_Q, 2, 1, 0, 0, 1'", "'truediv_Q, 2, 3, 4, 1, 2'", "'floordiv_Q, 0'", "'floordiv_Q, 1, 1, 1'", "'floordiv_Q, 2, 1, 0, 0, 1'", "'floordiv_Q, 2, 3, 4, 1, 2'", "'arb_Q, 0'", "'arb_Q, 1, 1, 1'", "'arb_Q, 2, 1, 0, 0, 1'", "'arb_Q, 2, 3, 4, 1, 2'"]]}, "RandomRealNumberFixture.track_time": {"result": [38.084813581645676, 38.84656665507083, 12.50527403937979, 59.05946202658926, 100.64632598542923, 394.0152044901548, 621.6090177294406], "params": [["'Double'", "'arf, 16'", "'arf, 64'", "'arf, 512'", "'arf, 4096'", "'arf, 32768'", "'arf, 65536'"]]}}, "params": {"arch": "x86_64", "cpu": "Standard_DS2_v2", "machine": "Azure", "os": "Linux", "ram": "61830880", "python": "", "automake": "", "benchmark==1.5.0": "", "boost-cpp": "", "ccache": "", "coreutils": "", "cppasv": "", "cppyy": "", "cppyythonizations": "", "cxx-compiler": "", "e-antic": "", "fmt": "", "gmp": "", "gmpxxll": "", "gmpxxyy": "", "libflint": "", "libtool": "", "make": "", "ppl": "", "pytest": "", "setuptools": ""}, "requirements": {"automake": "", "benchmark==1.5.0": "", "boost-cpp": "", "ccache": "", "coreutils": "", "cppasv": "", "cppyy": "", "cppyythonizations": "", "cxx-compiler": "", "e-antic": "", "fmt": "", "gmp": "", "gmpxxll": "", "gmpxxyy": "", "libflint": "", "libtool": "", "make": "", "ppl": "", "pytest": "", "setuptools": ""}, "commit_hash": "7acd0a1813557ae6c1f97e34945763011dd57306", "date": 1608602882000, "env_name": "conda-py-automake-benchmark==1.5.0-boost-cpp-ccache-coreutils-cppasv-cppyy-cppyythonizations-cxx-compiler-e-antic-fmt-gmp-gmpxxll-gmpxxyy-libflint-libtool-make-ppl-pytest-setuptools", "python": "", "profiles": {}, "started_at": {"ArbBenchmark.track_time": 1609115083434, "ElementBenchmark\u27e8IntegerRing\u27e9.track_time": 1609115108617, "ElementBenchmark\u27e8NumberField\u27e9.track_time": 1609115129572, "ElementBenchmark\u27e8RationalField\u27e9.track_time": 1609115147515, "RandomRealNumberFixture.track_time": 1609115167416}, "ended_at": {"ArbBenchmark.track_time": 1609115108615, "ElementBenchmark\u27e8IntegerRing\u27e9.track_time": 1609115129571, "ElementBenchmark\u27e8NumberField\u27e9.track_time": 1609115147514, "ElementBenchmark\u27e8RationalField\u27e9.track_time": 1609115167415, "RandomRealNumberFixture.track_time": 1609115174451}, "benchmark_version": {"ArbBenchmark.track_time": "0", "ElementBenchmark\u27e8IntegerRing\u27e9.track_time": "0", "ElementBenchmark\u27e8NumberField\u27e9.track_time": "0", "ElementBenchmark\u27e8RationalField\u27e9.track_time": "0", "RandomRealNumberFixture.track_time": "0"}, "version": 1}