{"results": {"ArbBenchmark.track_time": {"result": [null, 6.059140405055294, 5.844246793165434, 13.519023853474902, 262.4846841052108, 3.9878004272171377, 59.47381890019401, 7.296798973438649, 60.48748234110159, 10.851317387372221, 11.02644695384658, 59.088744595948626, 647.7245690709592, 60.542925755099425, 664.0961805877953, 34.96717785350372, 523.0157250000001, 146.6926565976969, 27775.745581900894, 115.14525749350338, 27448.3211628176, 83.95255128529844, 26658.38470682977], "params": [["'Create'", "'CreateMove, 53, 10'", "'CreateMove, 65536, 1024'", "'CreateCopy, 53, 10'", "'CreateCopy, 65536, 1024'", "'Assign_C, 53, 10'", "'Assign_C, 65536, 1024'", "'Assign, 53, 10'", "'Assign, 65536, 1024'", "'AssignMove, 53, 10'", "'AssignMove, 65536, 1024'", "'Addition_Inplace_Yap, 53, 10'", "'Addition_Inplace_Yap, 65536, 1024'", "'Addition_Yap, 53, 10'", "'Addition_Yap, 65536, 1024'", "'Addition_C, 53, 10'", "'Addition_C, 65536, 1024'", "'Arithmetic_Yap, 53, 10'", "'Arithmetic_Yap, 65536, 1024'", "'Arithmetic_C, 53, 10'", "'Arithmetic_C, 65536, 1024'", "'Arithmetic_C_optimized, 53, 10'", "'Arithmetic_C_optimized, 65536, 1024'"]]}, "ElementBenchmark\u27e8IntegerRing\u27e9.track_time": {"result": [85.69804434813237, 86.7663593621548, 511.609058, 919.4546708012314, 659.1615135045915, 594.375221177099, 1313.5557569798257, 9656.676145446663, 3031.2767984714374, 2934.4014004565624, 4325.845608784351, 63960.494500372864, 161.161488211484, 151.19690589491915, 242.87386545914146, 8172.985484485056, 257.84063996555193, 260.2684693187994, 266.7067062644556, 3091.711141261343], "params": [["'addition_Z, 0'", "'addition_Z, 1, 1, 1'", "'addition_Z, 2, 1, 0, 0, 1'", "'addition_Z, 2, 3, 4, 1, 2'", "'multiplication_Z, 0'", "'multiplication_Z, 1, 1, 1'", "'multiplication_Z, 2, 1, 0, 0, 1'", "'multiplication_Z, 2, 3, 4, 1, 2'", "'truediv_Z, 0'", "'truediv_Z, 1, 1, 1'", "'truediv_Z, 2, 1, 0, 0, 1'", "'truediv_Z, 2, 3, 4, 1, 2'", "'floordiv_Z, 0'", "'floordiv_Z, 1, 1, 1'", "'floordiv_Z, 2, 1, 0, 0, 1'", "'floordiv_Z, 2, 3, 4, 1, 2'", "'arb_Z, 0'", "'arb_Z, 1, 1, 1'", "'arb_Z, 2, 1, 0, 0, 1'", "'arb_Z, 2, 3, 4, 1, 2'"]]}, "ElementBenchmark\u27e8NumberField\u27e9.track_time": {"result": [140.1082697840476, 145.63969989214738, 753.8491037114582, 1452.2971199132112, 1030.3663088194119, 1062.9687539497024, 2098.593002219723, 12751.727368562284, 4964.541158307488, 5252.51581, 6952.77349777306, 109284.15084046005, 506.408196, 518.0611293459294, 948.2821802730926, 13501.492682277807, 630.4936380242997, 494.47114209942106, 509.6777840000001, 5160.978945365647], "params": [["'addition_K, 0'", "'addition_K, 1, 1, 1'", "'addition_K, 2, 1, 0, 0, 1'", "'addition_K, 2, 3, 4, 1, 2'", "'multiplication_K, 0'", "'multiplication_K, 1, 1, 1'", "'multiplication_K, 2, 1, 0, 0, 1'", "'multiplication_K, 2, 3, 4, 1, 2'", "'truediv_K, 0'", "'truediv_K, 1, 1, 1'", "'truediv_K, 2, 1, 0, 0, 1'", "'truediv_K, 2, 3, 4, 1, 2'", "'floordiv_K, 0'", "'floordiv_K, 1, 1, 1'", "'floordiv_K, 2, 1, 0, 0, 1'", "'floordiv_K, 2, 3, 4, 1, 2'", "'arb_K, 0'", "'arb_K, 1, 1, 1'", "'arb_K, 2, 1, 0, 0, 1'", "'arb_K, 2, 3, 4, 1, 2'"]]}, "ElementBenchmark\u27e8RationalField\u27e9.track_time": {"result": [187.4840625039975, 192.17048536544726, 849.0166721902965, 1962.970614769229, 848.5496446875718, 960.219186472236, 2037.5664241352033, 13592.585060277448, 4181.106861349997, 4205.307858580051, 6393.148232549795, 98981.09624268555, 483.3494370617836, 464.254601733116, 873.9798915216957, 10543.559122659963, 330.96365305671276, 355.7006695099689, 320.84920698298623, 3556.440105788606], "params": [["'addition_Q, 0'", "'addition_Q, 1, 1, 1'", "'addition_Q, 2, 1, 0, 0, 1'", "'addition_Q, 2, 3, 4, 1, 2'", "'multiplication_Q, 0'", "'multiplication_Q, 1, 1, 1'", "'multiplication_Q, 2, 1, 0, 0, 1'", "'multiplication_Q, 2, 3, 4, 1, 2'", "'truediv_Q, 0'", "'truediv_Q, 1, 1, 1'", "'truediv_Q, 2, 1, 0, 0, 1'", "'truediv_Q, 2, 3, 4, 1, 2'", "'floordiv_Q, 0'", "'floordiv_Q, 1, 1, 1'", "'floordiv_Q, 2, 1, 0, 0, 1'", "'floordiv_Q, 2, 3, 4, 1, 2'", "'arb_Q, 0'", "'arb_Q, 1, 1, 1'", "'arb_Q, 2, 1, 0, 0, 1'", "'arb_Q, 2, 3, 4, 1, 2'"]]}, "RandomRealNumberFixture.track_time": {"result": [28.9929167711567, 29.525737881821946, 9.433197982430837, 44.70957246523197, 79.10748279042745, 297.6198885304107, 473.8728868775034], "params": [["'Double'", "'arf, 16'", "'arf, 64'", "'arf, 512'", "'arf, 4096'", "'arf, 32768'", "'arf, 65536'"]]}}, "params": {"arch": "x86_64", "cpu": "Standard_DS2_v2", "machine": "Azure", "os": "Linux", "ram": "61830880", "python": "", "automake": "", "benchmark==1.5.0": "", "boost-cpp": "", "ccache": "", "coreutils": "", "cppasv": "", "cppyy": "", "cppyythonizations": "", "cxx-compiler": "", "e-antic": "", "fmt": "", "gmp": "", "gmpxxll": "", "gmpxxyy": "", "libflint": "", "libtool": "", "make": "", "ppl": "", "pytest": "", "setuptools": ""}, "requirements": {"automake": "", "benchmark==1.5.0": "", "boost-cpp": "", "ccache": "", "coreutils": "", "cppasv": "", "cppyy": "", "cppyythonizations": "", "cxx-compiler": "", "e-antic": "", "fmt": "", "gmp": "", "gmpxxll": "", "gmpxxyy": "", "libflint": "", "libtool": "", "make": "", "ppl": "", "pytest": "", "setuptools": ""}, "commit_hash": "80166f227b1b69df6101a7f20b8a909f239c1ddb", "date": 1608602882000, "env_name": "conda-py-automake-benchmark==1.5.0-boost-cpp-ccache-coreutils-cppasv-cppyy-cppyythonizations-cxx-compiler-e-antic-fmt-gmp-gmpxxll-gmpxxyy-libflint-libtool-make-ppl-pytest-setuptools", "python": "", "profiles": {}, "started_at": {"ArbBenchmark.track_time": 1609120684366, "ElementBenchmark\u27e8IntegerRing\u27e9.track_time": 1609120708415, "ElementBenchmark\u27e8NumberField\u27e9.track_time": 1609120728498, "ElementBenchmark\u27e8RationalField\u27e9.track_time": 1609120747478, "RandomRealNumberFixture.track_time": 1609120767712}, "ended_at": {"ArbBenchmark.track_time": 1609120708414, "ElementBenchmark\u27e8IntegerRing\u27e9.track_time": 1609120728497, "ElementBenchmark\u27e8NumberField\u27e9.track_time": 1609120747478, "ElementBenchmark\u27e8RationalField\u27e9.track_time": 1609120767711, "RandomRealNumberFixture.track_time": 1609120775243}, "benchmark_version": {"ArbBenchmark.track_time": "0", "ElementBenchmark\u27e8IntegerRing\u27e9.track_time": "0", "ElementBenchmark\u27e8NumberField\u27e9.track_time": "0", "ElementBenchmark\u27e8RationalField\u27e9.track_time": "0", "RandomRealNumberFixture.track_time": "0"}, "version": 1}